# Unlock the TOP 3 rows, the RIGHT 3 columns and the box rows 10-15 x cols 8-15 (102 cells).
# Row convention: first data line below = row 0 (BOTTOM), last = row 15 (TOP).
# Made for E555_backtracker --order frontier: the cells fill in layers by distance to the kept
# pieces: 1-3 along the band, 4-6 on the block rows 13-15 x cols 11-15 (27,29,31,7,5,3 cells).
# --early_release 12,12 leaves that 15-cell block open; 13,13 leaves rows 14-15 x cols 12-15 (8),
# for E555_ender.py / E555_diver. Colour count and Hall see the whole region, so they are off.
# Boards with a break among the kept pieces are dropped (--breaks 0 counts every break). Two runs:
# bin/E555_backtracker data/seed_Edge5.txt boards.csv s1.csv --holes data/holes_open_TR3_frontier.csv --order frontier --early_release 12,12 --breaks 0 --no_hall --no_colour_count --resume --time_limit 300
# bin/E555_backtracker data/seed_Edge5.txt s1.csv s2.csv --order frontier --early_release 12,12 --breaks 0 --no_hall --no_colour_count --resume --resume_score M --time_limit 600
0,0,0,0, 0,0,0,0, 0,0,0,0, 0,1,1,1
0,0,0,0, 0,0,0,0, 0,0,0,0, 0,1,1,1
0,0,0,0, 0,0,0,0, 0,0,0,0, 0,1,1,1
0,0,0,0, 0,0,0,0, 0,0,0,0, 0,1,1,1
0,0,0,0, 0,0,0,0, 0,0,0,0, 0,1,1,1
0,0,0,0, 0,0,0,0, 0,0,0,0, 0,1,1,1
0,0,0,0, 0,0,0,0, 0,0,0,0, 0,1,1,1
0,0,0,0, 0,0,0,0, 0,0,0,0, 0,1,1,1
0,0,0,0, 0,0,0,0, 0,0,0,0, 0,1,1,1
0,0,0,0, 0,0,0,0, 0,0,0,0, 0,1,1,1
0,0,0,0, 0,0,0,0, 1,1,1,1, 1,1,1,1
0,0,0,0, 0,0,0,0, 1,1,1,1, 1,1,1,1
0,0,0,0, 0,0,0,0, 1,1,1,1, 1,1,1,1
1,1,1,1, 1,1,1,1, 1,1,1,1, 1,1,1,1
1,1,1,1, 1,1,1,1, 1,1,1,1, 1,1,1,1
1,1,1,1, 1,1,1,1, 1,1,1,1, 1,1,1,1
